Organization,Followed On
Westerville Area Chamber,Tue Feb 10 17:52:28 UTC 2026
Ansera AI,Fri Feb 06 16:02:55 UTC 2026
Kite AI,Wed Jan 28 13:36:33 UTC 2026
Product Marketing Alliance,Thu Jul 17 20:30:14 UTC 2025
Lindy,Tue Jun 10 18:22:47 UTC 2025
GenAI Works,Thu May 29 13:34:02 UTC 2025
Truepic,Thu May 08 00:05:41 UTC 2025
AiThority.Com,Tue May 06 13:04:24 UTC 2025
Starling Lab for Data Integrity,Tue May 06 00:36:42 UTC 2025
Perplexity,Tue May 06 00:36:16 UTC 2025
Content Authenticity Initiative,Tue May 06 00:36:07 UTC 2025
International Press Telecommunications Council (IPTC),Sun May 04 15:50:56 UTC 2025
Coalition for Content Provenance and Authenticity (C2PA),Sun May 04 15:46:33 UTC 2025
"Zip, a puzzle by LinkedIn",Tue Apr 22 19:05:39 UTC 2025
Vertiv,Tue Apr 15 15:47:51 UTC 2025
iametza,Fri Apr 11 15:25:18 UTC 2025
Low Code Solutions,Fri Apr 11 15:23:31 UTC 2025
EM360Tech,Tue Apr 08 13:57:30 UTC 2025
Hugging Face,Fri Feb 07 21:43:49 UTC 2025
Appsmith,Mon Jan 06 19:13:35 UTC 2025
Transflo,Thu Nov 07 16:37:45 UTC 2024
Granicus,Thu Nov 07 14:48:59 UTC 2024
Concordium,Thu Aug 29 12:33:16 UTC 2024
Trunk Tools,Mon Aug 26 15:37:15 UTC 2024
IIoT-World,Fri Aug 23 16:04:50 UTC 2024
HubSpot,Thu Jan 18 22:07:03 UTC 2024
Aries Defense LLC,Mon Oct 16 14:03:56 UTC 2023
Copysmith,Tue Jul 25 15:01:59 UTC 2023
Paradigm,Fri Jul 21 15:51:55 UTC 2023
Syndigo,Tue Jun 20 15:57:26 UTC 2023
Ocelot,Fri Jun 16 15:38:04 UTC 2023
AgFunder,Tue Jun 13 19:43:44 UTC 2023
SVG Ventures | THRIVE,Tue Jun 13 19:43:35 UTC 2023
Dropoff,Tue May 30 13:45:26 UTC 2023
Pryon,Tue May 23 16:07:21 UTC 2023
Sales Questions Brutally Honest Answers - PodCast,Sun May 21 19:21:37 UTC 2023
Sunrun,Thu May 18 21:29:00 UTC 2023
Content Marketing,Sat Mar 11 09:12:17 UTC 2023
Search Engine Marketing (SEM),Sat Mar 11 08:25:10 UTC 2023
Search Engine Optimization (SEO),Sat Mar 11 08:04:52 UTC 2023
Marketing,Sat Mar 11 07:52:38 UTC 2023
Press Releases,Sat Mar 11 07:26:42 UTC 2023
Urbint,Tue Jun 14 21:23:11 UTC 2022
Magnolia Marketing Communications,Tue Mar 29 15:13:21 UTC 2022
SmartCap,Mon Nov 08 19:25:19 UTC 2021
"Memorial University, Newfoundland and Labrador",Thu Sep 01 18:16:54 UTC 2016
Wenco International Mining Systems,Wed Oct 08 16:04:33 UTC 2014
Hatfield,Fri Jan 04 05:03:08 UTC 2013