Saved Date,Job Url,Job Title,Company Name
"11/1/24, 7:13 AM",http://www.linkedin.com/jobs/view/4063942085,Sr. Content Marketing Manager,Quad
"8/19/24, 6:18 PM",http://www.linkedin.com/jobs/view/4004832597,,
"7/15/23, 8:53 AM",http://www.linkedin.com/jobs/view/3661517100,,
"7/27/23, 9:13 AM",http://www.linkedin.com/jobs/view/3656134307,Demand Generation Manager,Niche
"11/1/24, 7:17 AM",http://www.linkedin.com/jobs/view/4064933372,Product Marketing Manager,Pax8
"7/22/23, 9:39 PM",http://www.linkedin.com/jobs/view/3671615392,Content Strategist,Wipfli
"5/31/23, 12:41 PM",http://www.linkedin.com/jobs/view/3601738834,,
"7/15/23, 10:52 AM",http://www.linkedin.com/jobs/view/3661037405,Head of Content Marketing,Ashby
"7/6/15, 7:26 AM",http://www.linkedin.com/jobs/view/60281785,Content Strategy Manager,We. Communications
"5/30/23, 2:14 PM",http://www.linkedin.com/jobs/view/3622701651,"Director, Content Marketing (REMOTE)",Veeam Software
"11/2/24, 6:02 AM",http://www.linkedin.com/jobs/view/4050906462,,
"11/6/24, 11:50 AM",http://www.linkedin.com/jobs/view/4068655039,Senior Content Strategist,Mercury
"6/13/23, 8:17 AM",http://www.linkedin.com/jobs/view/3625720825,Technical Product Marketing Manager,Chainalysis
"6/1/23, 3:51 PM",http://www.linkedin.com/jobs/view/3622631107,,
"8/25/24, 5:25 AM",http://www.linkedin.com/jobs/view/4006602196,,
"6/16/23, 12:54 PM",http://www.linkedin.com/jobs/view/3630486607,,
"6/1/23, 3:52 PM",http://www.linkedin.com/jobs/view/3624812774,Marketing Content Manager,Redjack
"5/30/23, 5:27 AM",http://www.linkedin.com/jobs/view/3597848018,Senior Manager of Content Marketing,OroCommerce
"6/11/23, 6:46 AM",http://www.linkedin.com/jobs/view/3579382632,Product Marketing Manager,"Drift, a Salesloft company"
"5/24/23, 9:44 AM",http://www.linkedin.com/jobs/view/3601741217,,
"6/13/23, 4:29 PM",http://www.linkedin.com/jobs/view/3611198677,Associate Creative Director-Copy,Deloitte
"5/30/23, 5:28 AM",http://www.linkedin.com/jobs/view/3582136540,Senior Content Marketing Manager,Ocelot
"6/1/23, 3:54 PM",http://www.linkedin.com/jobs/view/3624824328,Marketing Copywriter,Huntress
"5/30/23, 5:48 AM",http://www.linkedin.com/jobs/view/3564903542,Content Marketing Manager,KORE
"6/19/23, 2:18 PM",http://www.linkedin.com/jobs/view/3637725834,Senior Content Manager (Remote),Motorola Solutions
"5/27/23, 5:02 PM",http://www.linkedin.com/jobs/view/3618191776,,
"10/30/24, 1:13 PM",http://www.linkedin.com/jobs/view/4063350470,,
"12/4/24, 7:21 AM",http://www.linkedin.com/jobs/view/4088276203,"Senior Manager, Content Marketing",Onehouse
"5/31/23, 4:10 PM",http://www.linkedin.com/jobs/view/3592890826,Content Marketing Manager,ScaleNorth | NetSuite Solution Provider & Outsourced NetSuite Accounting
"8/19/24, 6:18 PM",http://www.linkedin.com/jobs/view/3999528292,Content Manager,Hexagon Manufacturing Intelligence
"6/8/23, 8:25 AM",http://www.linkedin.com/jobs/view/3607086433,Sr. Content Strategist,Apollo.io
"10/30/24, 1:13 PM",http://www.linkedin.com/jobs/view/4061916132,Content & Creative Operations Manager,3Pillar
"7/17/23, 7:47 PM",http://www.linkedin.com/jobs/view/3658032631,Content Marketing Lead,Multiplier
"6/2/23, 4:45 PM",http://www.linkedin.com/jobs/view/3620835277,Marketing Manager,GPX Intelligence
"6/10/23, 3:40 AM",http://www.linkedin.com/jobs/view/3627751607,"Marketing Manager, Content & SEO",Azibo
"6/8/23, 8:26 AM",http://www.linkedin.com/jobs/view/3616113542,Content Marketing Manager ,Crayon
"3/20/24, 1:21 PM",http://www.linkedin.com/jobs/view/3864645133,"Senior Manager, Content Marketing",Headway
"9/4/24, 8:05 AM",http://www.linkedin.com/jobs/view/4014198116,"Sr. Content Manager, Consumer Marketplace",Storable
"6/20/23, 7:09 AM",http://www.linkedin.com/jobs/view/3620847477,,
"11/2/24, 6:08 AM",http://www.linkedin.com/jobs/view/4057821953,Data Governance Product - Marketing and Communications Manager,JPMorganChase
"8/31/24, 5:56 PM",http://www.linkedin.com/jobs/view/4012348544,Senior Content Writer,Checkbox
"6/16/23, 11:41 AM",http://www.linkedin.com/jobs/view/3627140438,,
"8/31/24, 6:01 PM",http://www.linkedin.com/jobs/view/4005691863,Content Marketing Manager,15Five
"5/31/23, 4:07 PM",http://www.linkedin.com/jobs/view/3621797841,Content Marketing Manager,Teradata
"5/30/23, 5:29 AM",http://www.linkedin.com/jobs/view/3590091464,"Manager, Content Marketing",Exiger
"5/30/23, 5:29 AM",http://www.linkedin.com/jobs/view/3568897971,Content Marketing Director,Hawk Ridge Systems
"6/2/23, 5:48 AM",http://www.linkedin.com/jobs/view/3542462422,Sr. Web Marketing Manager - Remote,Accruent
"6/11/23, 6:44 AM",http://www.linkedin.com/jobs/view/3625339430,Product Marketing Manager,AutoStore™
"7/3/23, 11:52 AM",http://www.linkedin.com/jobs/view/3645813098,Content Marketing Lead,Chooose
"6/14/23, 6:52 AM",http://www.linkedin.com/jobs/view/3634158125,,
"5/30/23, 5:28 AM",http://www.linkedin.com/jobs/view/3542509698,Senior Content Marketing Manager,ShiftKey
"7/7/23, 10:38 AM",http://www.linkedin.com/jobs/view/3615960750,Demand Generation Marketing Manager - Symmetry,Gusto
"5/23/23, 11:32 AM",http://www.linkedin.com/jobs/view/3585535627,,
"6/13/23, 4:27 PM",http://www.linkedin.com/jobs/view/3607026150,"Senior Campaign Manager, Customer Experience",Esri
"7/26/23, 2:00 PM",http://www.linkedin.com/jobs/view/3651955134,Content Marketing Specialist,Coro
"7/20/15, 7:36 AM",http://www.linkedin.com/jobs/view/62364871,Technical Editor,Brown and Caldwell
"11/2/24, 9:24 AM",http://www.linkedin.com/jobs/view/3995928719,Product Marketing Manager,Movable Ink
"5/27/23, 5:02 PM",http://www.linkedin.com/jobs/view/3595354099,Senior Content Marketer,runZero
"6/20/23, 7:09 AM",http://www.linkedin.com/jobs/view/3625357027,,
"10/28/24, 1:31 PM",http://www.linkedin.com/jobs/view/4005044710,"Content Strategist, Operations",Figma
"7/27/23, 9:11 AM",http://www.linkedin.com/jobs/view/3670450791,Digital Marketing Manager,Flexera
"11/29/24, 6:11 AM",http://www.linkedin.com/jobs/view/4077774996,,
"6/5/23, 1:39 PM",http://www.linkedin.com/jobs/view/3521928599,Technical Product Marketing Manager,Zuora
"7/17/23, 7:46 PM",http://www.linkedin.com/jobs/view/3663673281,,
"7/26/23, 10:26 AM",http://www.linkedin.com/jobs/view/3615140583,"Marketing Manager, Retention Monetization",McAfee
"6/6/23, 6:19 PM",http://www.linkedin.com/jobs/view/3617205890,Senior Marketing Manager,Odeko
"6/5/23, 6:04 AM",http://www.linkedin.com/jobs/view/3625684224,Head of Content Marketing,Torq
"5/30/23, 5:49 AM",http://www.linkedin.com/jobs/view/3604494783,Content Marketing Manager,Jobsity
"9/2/24, 11:55 AM",http://www.linkedin.com/jobs/view/4013762629,Content Marketing Manager,Temporal Technologies
"11/20/24, 3:35 AM",http://www.linkedin.com/jobs/view/4069087239,Content Marketing Manager,Delinian
"7/27/23, 9:12 AM",http://www.linkedin.com/jobs/view/3677016726,Demand Generation Manager,Terraformation
"7/18/23, 11:02 AM",http://www.linkedin.com/jobs/view/3664044895,,
"8/24/24, 2:31 PM",http://www.linkedin.com/jobs/view/4005940571,Technical Content Producer,Vercel
"7/15/23, 8:51 AM",http://www.linkedin.com/jobs/view/3663763328,Marketing Content Manager,GroundTruth
"6/14/23, 2:03 PM",http://www.linkedin.com/jobs/view/3635007289,"Editor-in-Chief, Senior Content Director (Remote)",Guild
"6/16/23, 12:52 PM",http://www.linkedin.com/jobs/view/3638500874,Content Marketing Manager,Measured
"6/7/23, 6:34 PM",http://www.linkedin.com/jobs/view/3630749697,Content Marketing Manager (Remote),Splunk
"5/30/23, 5:49 AM",http://www.linkedin.com/jobs/view/3616346195,Content Marketing Manager,ScaleNorth | NetSuite Solution Provider & Outsourced NetSuite Accounting
"10/31/24, 12:00 PM",http://www.linkedin.com/jobs/view/4036665399,Product Marketing Manager (Remote),Accuris
"6/20/23, 7:11 AM",http://www.linkedin.com/jobs/view/3635372047,Sr. Content Strategist,Safelite
"7/20/15, 9:45 AM",http://www.linkedin.com/jobs/view/62360704,Content writer,"SaltWorks®, Inc."
"6/14/23, 4:59 PM",http://www.linkedin.com/jobs/view/3630903890,Product Marketing Lead,Mudflap
"7/20/15, 7:35 AM",http://www.linkedin.com/jobs/view/62933833,Technical Writer,Acro Service Corp
"6/20/23, 7:52 AM",http://www.linkedin.com/jobs/view/3580669272,,
"6/15/23, 10:49 AM",http://www.linkedin.com/jobs/view/3591456591,Demand Generation Manager,Emi Labs
"8/8/23, 5:14 PM",http://www.linkedin.com/jobs/view/3681256007,"Editorial Content Lead, Content Marketing",Stripe
"11/1/24, 7:14 AM",http://www.linkedin.com/jobs/view/4063744299,Director of Content Management,GrowthMate AI
"6/16/23, 11:41 AM",http://www.linkedin.com/jobs/view/3632984567,Marketing Content Manager,LightBox
"7/20/15, 7:35 AM",http://www.linkedin.com/jobs/view/62977630,Senior Tech Writer,ADECCO
"11/29/24, 6:15 AM",http://www.linkedin.com/jobs/view/4079593339,,
"8/25/24, 5:26 AM",http://www.linkedin.com/jobs/view/4006639686,Content Marketer,Tailscale
"6/11/23, 6:43 AM",http://www.linkedin.com/jobs/view/3626579321,Product Marketing Manager,Curtis Instruments
"5/20/23, 3:56 PM",http://www.linkedin.com/jobs/view/3582037490,Director of Content,Swoogo
"9/11/24, 5:34 AM",http://www.linkedin.com/jobs/view/4016193030,Growth Marketing Director (Remote position),Sandvik
"5/30/23, 5:30 AM",http://www.linkedin.com/jobs/view/3616195564,Digital Content Designer/Strategist (End-to-End CX),The Cigna Group
